{
  "driver": "GTiff",
  "dtype": "float32",
  "nodata": -99999.0,
  "width": 1798,
  "height": 1389,
  "count": 1,
  "crs": "EPSG:4326",
  "transform": [
    0.0083333333,
    0.0,
    32.99874987166672,
    0.0,
    -0.0083333333,
    14.899583476768186,
    0.0,
    0.0,
    1.0
  ],
  "bounds": {
    "left": 32.99874987166672,
    "bottom": 3.324583523068185,
    "right": 47.98208314506672,
    "top": 14.899583476768186
  },
  "res": [
    0.0083333333,
    0.0083333333
  ],
  "indexes": [
    1
  ],
  "colorinterp": [
    "1"
  ],
  "units": [
    null
  ],
  "descriptions": [
    null
  ],
  "nodatavals": [
    -99999.0
  ],
  "scales": [
    1.0
  ],
  "offsets": [
    0.0
  ]
}