{
  "driver": "GTiff",
  "dtype": "float32",
  "nodata": -3.4028234663852886e+38,
  "width": 5398,
  "height": 4117,
  "count": 1,
  "crs": "EPSG:4326",
  "transform": [
    0.0027777769544275652,
    0.0,
    32.99306,
    0.0,
    -0.0027777799368472185,
    14.84306,
    0.0,
    0.0,
    1.0
  ],
  "bounds": {
    "left": 32.99306,
    "bottom": 3.4069400000000005,
    "right": 47.9875,
    "top": 14.84306
  },
  "res": [
    0.0027777769544275652,
    0.0027777799368472185
  ],
  "indexes": [
    1
  ],
  "colorinterp": [
    "1"
  ],
  "units": [
    null
  ],
  "descriptions": [
    null
  ],
  "nodatavals": [
    -3.4028234663852886e+38
  ],
  "scales": [
    1.0
  ],
  "offsets": [
    0.0
  ]
}