{
  "driver": "GTiff",
  "dtype": "float32",
  "nodata": -9999.0,
  "width": 14053,
  "height": 11850,
  "count": 1,
  "crs": "EPSG:4326",
  "transform": [
    0.0008333333356347339,
    0.0,
    21.998751327743022,
    0.0,
    -0.0008333333333325754,
    -8.202933333325873,
    0.0,
    0.0,
    1.0
  ],
  "bounds": {
    "left": 21.998751327743022,
    "bottom": -18.077933333316892,
    "right": 33.70958469341794,
    "top": -8.202933333325873
  },
  "res": [
    0.0008333333356347339,
    0.0008333333333325754
  ],
  "indexes": [
    1
  ],
  "colorinterp": [
    "1"
  ],
  "units": [
    null
  ],
  "descriptions": [
    null
  ],
  "nodatavals": [
    -9999.0
  ],
  "scales": [
    1.0
  ],
  "offsets": [
    0.0
  ]
}